form_carthage_kingdom;Reform the Carthaginian Empire;;;;;;;;;;x;;;
form_carthage_kingdom_desc;After the destruction of Carthage, we have come back stronger as ever and it is time to reform our old Punic glory by proclaiming our once lost empire.;;;;;;;;;;x;;;
;;;;;;;;;;;;;;
create_dragon_artifacts;Craft Dragon Artifacts;;;;;;;;;;x;;;
create_dragon_artifacts_desc;This Dragon Skeleton has been rotting in my throne room for far too long, maybe there is better use to them. Perhaps as weapons or armor...;;;;;;;;;;x;;;
;;;;;;;;;;;;;;
rename_dragon;Rename your Dragon;;;;;;;;;;x;;;
rename_dragon_desc;As we have tamed this dragon, we could give it a name that suits better.;;;;;;;;;;x;;;
;;;;;;;;;;;;;;
ride_dragon;Ride your Dragon;;;;;;;;;;x;;;
ride_dragon_desc;Ever since you brought your dragon back, it has not been doing much except sitting and waiting. Dragons need to be active to be healthy, perhaps you could attempt riding it to see how much it trust you and to perhaps use it in wars to come.;;;;;;;;;;x;;;
;;;;;;;;;;;;;;
unite_arabian_tribes;Unite the Arabian Tribes;;;;;;;;;;x;;;
unite_arabian_tribes_desc;After many struggles against our neighbours and against the Western Roman Empire, we have finally united all of the tribes of Germania instead to have a stronger front against the Eastern Roman Empire;;;;;;;;;;x;;;

release_feudal_tributary;Establish Tributary from Vassal;;;;;;;;;;x;;;
release_feudal_tributary_desc;Our realm has been hard to govern recently, perhaps if we grant some of our vassals independence while still paying us tribute, maybe this could help us easen our administration.;;;;;;;;;;x;;;

revive_west_rome;Revive West Rome;;;;;;;;;;x;;;
revive_west_rome_desc;After the fall of Rome, it is left to us Romans to restore our once mighty empire. Now is the time to tell our people of our glory and proclaim the Western Roman Empire once more.;;;;;;;;;;x;;;

establish_frankish_kingdom;Form the Frankish Kingdom;;;;;;;;;;x;;;
establish_frankish_kingdom_desc;As we have beaten our enemies like the Romans, we have established our people in the lands of Gaul. Now it is time to proclaim our Kingdom within these lands for the Franks.;;;;;;;;;;x;;;

unite_german_tribes;Unite the Germanic Tribes;;;;;;;;;;x;;;
unite_german_tribes_desc;After many struggles against our neighbours and against the Western Roman Empire, we have finally united all of the tribes of Germania instead to have a stronger front against the Western Roman Empire;;;;;;;;;;x;;;

end_roman_crisis_1;Recover the Roman Coin Value;;;;;;;;;;x;;;
end_roman_crisis_1_desc;For many years, the value of the Roman Coin and its quallity has dropped dramaticly from its details and the amount of silver to a coin being reduced to nothing more than a thin sheet of metal. We have to restart our economy and make our coins valuable again.;;;;;;;;;;x;;;

end_roman_crisis_2;Stabilize Roman Bureaucracy;;;;;;;;;;x;;;
end_roman_crisis_2_desc;For a while, the people of Rome has turned corrupt. Our officials and nobility are not to be trusted, they are hoarding all the riches and will be the downfall of our empire. Now is the time to set things strat and put an end to this hypergreed of theirs.;;;;;;;;;;x;;;

end_roman_crisis_3;Reform the Roman Legions;;;;;;;;;;x;;;
end_roman_crisis_3_desc;Our armies consist of mostly mercenaries and barbarians, we no longer live in the time where our legions are fully consistant or mostly of pure Romans. It could also be very uncomfortable to have these Germans arround, who knows when they will betray us. This is why we must act fast and reform our army so that we are not affraid of our armies anymore and that we can rely and trust them.;;;;;;;;;;x;;;

finalize_roman_crisis;Stabilize West Rome;;;;;;;;;;x;;;
finalize_roman_crisis_desc;After our reforms, it seems as things are turning for the best. The Western Roman Empire is thriving and healthy as ever, this is the time to assert our dominance again for a ever lasting Rome for the ages to come.;;;;;;;;;;x;;;

abandon_britania;Abandon Britania;;;;;;;;;;x;;;
abandon_britania_desc;Britania has been a difficult province to manage however, as we are slowly losing grip on the empire. Perhaps we could make it easier for us by abandoning Britania so we can focus on the mainland.;;;;;;;;;;x;;;
;;;;;;;;;;;;;;
create_roman_bathhouse;Build a Roman Bathhouse;;;;;;;;;;x;;;
create_roman_bathhouse_desc;As a Roman, being clean is important in our society. Besides cleanliness, it was also a place to be together, therefore it would be smart to build a bathhouse.;;;;;;;;;;x;;;
;;;;;;;;;;;;;;
claim_constantinople;Claim Rome;;;;;;;;;;x;;;
claim_constantinople_desc;As the Roman [Root.GetTitle], the Eternal City should be yours to rule.;;;;;;;;;;x;;;
;;;;;;;;;;;;;;
buff_constantinople;Restore Constantinople;;;;;;;;;x;;;;
buff_constantinople_desc;For a long time, we have saved our gold and have made a full preperated plan to restore the City of the World's Desire. We will restore the former glory of the city and resolve the problems that has been plauging the city for ever so long!;;;;;;;;;x;;;;
;;;;;;;;;;;;;;
raise_regement_order;Raise the Army of the Order;;;;;;;;;x;;;;
raise_regement_order_desc;War is uppon us, it is time to call upon the army of the Military Order.;;;;;;;;;x;;;;
;;;;;;;;;;;;;;
form_kingdom_prussia;Form Prussia;;;;;;;;;x;;;;
form_kingdom_prussia_desc;After asserting our control on the Gulf of Danzig and solidifying our place in Pommerania, it is perhaps time as Prussians to form the Kingdom of Prussia.;;;;;;;;;x;;;;
;;;;;;;;;;;;;;
form_warrior_order;Found a Military Order;;;;;;;;;x;;;;
form_warrior_order_desc;The ways of Feudalism is not working out for us, perhaps we should turn more Militaristic with a goal in mind, instead of mindlessly ruling over a realm. It is time we form a Military Order.;;;;;;;;;x;;;;
;;;;;;;;;;;;;;
raise_chinese_regiment_gov;Request Imperial Forces;;;;;;;;;x;;;;
raise_chinese_regiment_gov_desc;As a Province to the Empire of China, you have the right to request some regiments of the Imperial Army of China to help you defend.;;;;;;;;;x;;;;
;;;;;;;;;;;;;;
declare_first_war_ilk;Delcare First Ilkhanate War;;;;;;;;;x;;;;
declare_first_war_ilk_desc;Delcare First Ilkhanate War;;;;;;;;;x;;;;
;;;;;;;;;;;;;;
declare_first_war_gold;Delcare First Golden Hordic War;;;;;;;;;x;;;;
declare_first_war_gold_desc;Delcare First Golden Hordic War;;;;;;;;;x;;;;
;;;;;;;;;;;;;;
declare_first_war_tim;Delcare First Timurid War;;;;;;;;;x;;;;
declare_first_war_tim_desc;Delcare First Timurid War;;;;;;;;;x;;;;
;;;;;;;;;;;;;;
declare_first_war_mog;Delcare First Mongol War;;;;;;;;;x;;;;
declare_first_war_mog_desc;Delcare First Mongol War;;;;;;;;;x;;;;
;;;;;;;;;;;;;;
tributize_mongol_states;Tributize Mongol States;;;;;;;;;x;;;;
tributize_mongol_states_desc;Now that we have divided the lands of the former Great Khan, it is time for the my brothers to hold up their end of the promise and have them under my command;;;;;;;;;x;;;;
;;;;;;;;;;;;;;
take_gold_merc_band;Siphon Mercenary Gold;;;;;;;;;x;;;;
take_gold_merc_band_desc;We need some more gold and it seems that our mercenary band still has some left, perhaps we could take some of their gold for ourself.;;;;;;;;;x;;;;
;;;;;;;;;;;;;;
develop_county_tax;Develop County Economy;;;;;;;;;x;;;;
develop_county_tax_desc;Having an influx of Gold is good but too much might not be smart. Perhaps its a good idea to reinvest this Gold into this county for some economic benifits;;;;;;;;;x;;;;
;;;;;;;;;;;;;;
develop_county_army;Develop County Military;;;;;;;;;x;;;;
develop_county_army_desc;Having an influx of Gold is good but too much might not be smart. Perhaps its a good idea to reinvest this Gold into this county for some military benifits;;;;;;;;;x;;;;
;;;;;;;;;;;;;;
bloodthirsty_raise_peasants;Force Peasants to War;;;;;;;;;x;;;;
bloodthirsty_raise_peasants_desc;The peasants are just a mere being to exsist only for sacrafice to the Gods, perhaps we could kill them off by forcing them to go fight our war.;;;;;;;;;x;;;;
;;;;;;;;;;;;;;
become_merchant_republic_ar;Become Merchant Republic;;;;;;;;;x;;;;
become_merchant_republic_ar_desc;Become Merchant Republic;;;;;;;;;x;;;;
;;;;;;;;;;;;;;
vassalize_merc_band;Vassalize Mercenary Band;;;;;;;;;x;;;;
vassalize_merc_band_desc;It has come to our attention that our enemies are also hiring the Mercenary Band we have created. Perhaps it is time to privatize our Mercenaries and vassalize them so they only serve us;;;;;;;;;x;;;;
;;;;;;;;;;;;;;
restore_ostrogoth_italy;Restore Ostrogothic Italy;;;;;;;;;x;;;;
restore_ostrogoth_italy_desc;This is it, we have finally returned to the land we have once conquered from the fallen Roman Empire. It is time to be proclaimed the King of the Romans and Ostrogoths again and restore order in our new Italy;;;;;;;;;x;;;;
;;;;;;;;;;;;;;
restore_visigothic_spain;Restore Visigothic Hispania;;;;;;;;;x;;;;
restore_visigothic_spain_desc;This is it, we have finally returned to the land we have once conquered from the fallen Roman Empire. It is time to be proclaimed the rulers of Hispania again and restore order in our new Hispania;;;;;;;;;x;;;;
;;;;;;;;;;;;;;
form_west_rome;Reform the Western Roman Empire;;;;;;;;;x;;;;
form_west_rome_desc;The title of Western Rome has been destroyed for a long time now after the cowardice split Eastern Roman Empire, the West being conquered by the Germanic Barbarians. However, after many victories and gathering the ancient people of Rome. It is time to proclaim the title of Western Roman Emperor!;;;;;;;;;x;;;;
;;;;;;;;;;;;;;
form_roman_republic;Reform the Roman Republic;;;;;;;;;x;;;;
form_roman_republic_desc;The title of Western Rome has been destroyed for a long time now after the cowardice split Eastern Roman Empire, the West being conquered by the Germanic Barbarians. However, after many victories and gathering the ancient people of Rome. It is time to reform the Roman Republic and restore our democracy!;;;;;;;;;x;;;;
;;;;;;;;;;;;;;
plc_integrate_bohemia;Integrate Bohemia;;;;;;;;;x;;;;
plc_integrate_bohemia_desc;Now that we have Bohemia under our control, we can finally start integrating our old Slavic brother into the Commonwealth;;;;;;;;;x;;;;
;;;;;;;;;;;;;;
create_legion_italia;Recreate The Legion of Italica;;;;;;;;;x;;;;
create_legion_italia_desc;As we Resotred the §YWestern Roman Empire§!, we will need to create a Legion again. It is time to recreate Rome's finest army;;;;;;;;;x;;;;
;;;;;;;;;;;;;;
dismantle_hre_rome_west;Demand the Dissolution of the Holy Roman Empire;;;;;;;;;x;;;;
dismantle_hre_rome_west_desc;Another Envoy will be sent but this time to the §YHoly Roman Empire§! to demand that the Emperor destroys the title of §YHoly Roman Empire§!;;;;;;;;;x;;;;
;;;;;;;;;;;;;;
invade_byz_west_rome;Unite the Roman Eagles;;;;;;;;;x;;;;
invade_byz_west_rome_desc;Now that we have reformed and reestablished the Western Roman Empire, it is time to pay a visit to the §YEastern Roman Empire§! to perhaps reunite diplomaticly or trough war;;;;;;;;;x;;;;
;;;;;;;;;;;;;;
;;;;;;;;;;;;;;
create_russia_gold;Create the Mongol State of Russia;;;;;;;;;;;x;;
create_russia_gold_desc;The Russian lands seems to be too challenging to govern my ourselfs as we have better things to do than to stay in Russia. Perhaps its wise to release a loyal Russian Mongol State that will answer our every call in case we need the extra men;;;;;;;;;;;x;;
;;;;;;;;;;;;;;
reform_timurids;Restore Timur's Legacy;;;;;;;;;;;x;;
reform_timurids_desc;After the horrible defeat against the Qara Qoyunlu, our father's realm has been shatters in pieces where my brothers had control over a certain kingdom, but no more. Since i have reunited my father's empire, it is time for me to Reunify the Timurid Empire under my administration;;;;;;;;;;;x;;
;;;;;;;;;;;;;;
unify_islam;Unify all of Islam;;;;;;;;;;;;;x
unify_islam_desc;The time of Islamic Unification has come, unite your people and consolidate your power as Caliph of the Islamic World!;;;;;;;;;;;;;
;;;;;;;;;;;;;;
mend_islamic_schism;Mend the Islamic Schism;;;;;;;;;;;;;x
mend_islamic_schism_desc;Since the death of Muhammed, Islam has been divided into many warring sects, each claiming to be a rightful continuation of Muhammed's Caliphate, if I were to unite them under Shia Islam. I could proclaim myself the true heir of the Caliphate, ending this Schism once and for all!;;;;;;;;;;;;;x
;;;;;;;;;;;;;;
become_timur;Embrace Emir Timur's Ambition;Devenir le khan des khans;Werdet zum GroÃŸkhan;;Convertido en el mÃ¡s grande de los kanes;;;;;;;;;x
become_timur_desc;A Turco-Mongol ruler who manages to gather support for his cause to reconquer the Mongol Empire.;;;;;;;;;x;;;;
;;;;;;;;;;;;;;
destroy_wonder;Destroy Great Work;;;;;;;;;x;;;;
destroy_wonder_desc;§RWARNING: This Great Work cannot be restored and will be permanently removed§!;;;;;;;;;x;;;;
;;;;;;;;;;;;;;
upgrade_holding;Add Holding to County;;;;;;;;;;;;;x
upgrade_holding_desc;By investing a large sum of money you're allowed to increase the province's holding slot amount.;;;;;;;;;;;;;x
invite_diplomat;Invite Diplomat;;;;;;;;;;;;;x
invite_diplomat_desc;Invite a random diplomat from your realm to come work at your court.;;;;;;;;;;;;;x
invite_spy;Invite Spy;;;;;;;;;;;;;x
invite_spy_desc;Invite a random spy from your realm to come work at your court.;;;;;;;;;;;;;x
embrace_anglo_norse;Embrace Anglo-Norse;;;;;;;;;;;;;x
embrace_anglo_norse_desc;Embrace the Anglo-Norse culture. Anglo-Norse is a cultural mix between the Saxons and the Norse.;;;;;;;;;;;;;x
hansa_thankmar_rebellion;Form the Hanseactic League;;;;;;;;;;;;;x
hansa_thankmar_rebellion_desc;By alligning ourselves with all the cities and boroughs along the North Sea and the Baltic Sea we will able to establish a strong merchant league able to protect itself without the help of foreign lords or lieges.;;;;;;;;;;;;;x
guranteed_life_chess;Not today!(PICK THIS OPTION TO STAY ALIVE);;;;;;;;;;;;;x
guranteed_life_chess_desc;"Pick this option if you want a to have a 100% chance on living. This will not give you the ""Gift of Death"" modifier!";;;;;;;;;;;;;x
;;;;;;;;;;;;;;
choose_zoroastrian_icon;Pick Zoroastrian Devotion;;;;;;;;;;;;;x
choose_zoroastrian_icon_desc;Pick the devotion you want to have with you during your lifetime in this world;;;;;;;;;;;;;x
;;;;;;;;;;;;;;
build_fire_shrine;Build a Fire Shirne;;;;;;;;;;;;;x
build_fire_shrine_desc;As a Order Member, it is important to get ever so close to Ahura Mazda and be more dedicated to the true faith. Perhaps building a small shrine will draw us ever so close.;;;;;;;;;;;;;x
preform_gahs;Celebrate Gahs;;;;;;;;;;;;;x
preform_gahs_desc;One of the important requirements to be a true Zoroastrian follower is to celebrate festivals and other celebrations, one of the most important ones being Gahs. It is time to celebrate Gahs.;;;;;;;;;;;;;x
zoro_sun_society_summon_commander;Summon Immortal Commander;;;;;;;;;;;;;x
zoro_sun_society_summon_commander_desc;We are in need of new commanders that can help our army being led. Perhaps we could look at some retired Veteran Immortals that want to get back into combat or just to lead.;;;;;;;;;;;;;x
complete_zoro_book;Create the Zoroastrian Avesta;;;;;;;;;;;;;x
complete_zoro_book_desc;After many decades, we have finally found all the pages that were missing and scattered. It is time to create a book that has all the holy Zoroastrian Texts complete.;;;;;;;;;;;;;x
search_pages_zoro;Attempt to find Zoroastrian Pages;;;;;;;;;;;;;x
search_pages_zoro_desc;Since we have a rank higher than the usual Order members, we are allowed by the Mowbadan-Mowbad to gather a group of Order members and use them to try finding these mythical pages that are lost to our religion, decades ago.;;;;;;;;;;;;;x
destroy_baron;Destroy this Settlement;;;;;;;;;;x;;;
destroy_baron_desc;§RWARNING:This will remove this Castle/City/Temple giving you a emply Bulding Slot. This will give you a severe debuff on the province which will stack if destroying multiple settlements at once§!.;;;;;;;;;;x;;;
destroy_military_buildings;Destroy military buildings;;;;;;;;;;x;;;
destroy_military_buildings_desc;§RWARNING:This will destroy all buildings that provide base troops. (Only exception are province-unique buildings)§!.;;;;;;;;;;x;;;
;;;;;;;;;;;;;;
tiny_realm_raise_peasants;Call the Peasants to Arms;;;;;;;;;;x;;;
tiny_realm_raise_peasants_desc;Desperate times call for desperate measures, we will not give up this easy. We will call in the peasantry as our final line of defense or offence.;;;;;;;;;;x;;;
;;;;;;;;;;;;;;
unite_india;Unite all of India;;;;;;;;;x;;;;
unite_india_desc;We have finally brought the whole of India under our rule after many struggles and hardships, spread the word that India at last is united!;;;;;;;;;x;;;;
;;;;;;;;;;;;;;
christian_indian_foothold;Declare the Indian Crusade;;;;;;;;;x;;;;
;;;;;;;;;;;;;;
study_quran;Study the Quran;;;;;;;;;;;;;x
study_quran_desc;In order to become more pious I must indulgde myself in the word of Allah (The Greatest).;;;;;;;;;;;;;x
monastic_order_learn_lifestyle;Pick Learning Trait;;;;;;;;;;;;;x
monastic_order_learn_lifestyle_desc;Choose from 3 different learning lifestyle traits and gain knowledge on your way to achieving that lifestyle.;;;;;;;;;;;;;x
negotiate_decadence;Negotiate Decadence;;;;;;;;;;;;;x
negotiate_decadence_desc;Negotiate the decadent ways of [Root.GetName] and turn him back to the ways of Allah.;;;;;;;;;;;;;x
invite_imam;Invite Imam;;;;;;;;;;;;;x
invite_imam_desc;Invite a wise Imam from the society come aid you at your court.;;;;;;;;;;;;;x
dissolve_hre_inside;Remove the Carolingian Influences;;;;;;;;;;;;;x
dissolve_hre_inside_desc;The influences of the Carolingians forced onto the people of Germania shall be undone! The tribes of Franconia, Swabia, Saxony, Thuringia will be split back into their original territories, no longer chained together by the Carolingian ideas that had fused them together. Together we can rebuild Germania in a new light!;;;;;;;;;;;;;x
sail_for_england_germanic;Conquer the Isles of the West;;;;;;;;;;;;;x
sail_for_england_germanic_desc;The viking longships have made many voyages to the British Isles and have tried to set up permanent residence in York, however the proper lands of England still lay untapped at large. We must conquer the Kingdom of England in our name!;;;;;;;;;;;;;x
sail_for_england_christian;Claim the Kingdom of England;;;;;;;;;;;;;x
sail_for_england_christian_desc;With turmoil rising in England and a claimant already on their way to dispute the current holder of the thrown, I can put together a good amount of evidence to support my own claim.;;;;;;;;;;;;;x
;;;;;;;;;;;;;;
make_dragon_fire_battle;Use Dragon in Battle;;;;;;;;;;;;;x
make_dragon_fire_battle_desc;We have better use for our dragon, bring it close to the battlefield.;;;;;;;;;;;;;x
make_dragon_fire_siege;Use Dragon in Siege;;;;;;;;;;;;;x
make_dragon_fire_siege_desc;We have better use for our dragon, bring it to the siege.;;;;;;;;;;;;;x
;;;;;;;;;;;;;;
end_abbasid_crisis_1;Resolve the Abbasidian Administration;;;;;;;;;;;;;x
end_abbasid_crisis_2;Expel Corrupt Abbasid and Turkish Officials;;;;;;;;;;;;;x
end_abbasid_crisis_3;Reorganize the Abbasid Levies;;;;;;;;;;;;;x
;;;;;;;;;;;;;;
end_abbasid_crisis_1_desc;After many attemps, we have finally found a sollution to the Administrative problems within the Umayyads. Now is the time to finalize our sollution;;;;;;;;;;;;;x
end_abbasid_crisis_2_desc;These Officials have been the core of the Corruption within the Abbasids. Now that everything is under our control proper, it is time to expell these officials and impelent a new sytstem within our court, so that we will never have this problem again;;;;;;;;;;;;;x
end_abbasid_crisis_3_desc;It took a while but we have finally restructered the army and brought order and hope to our men. No longer are they plauged constant instability by many rivals within the Middle East. It is finally time to Restore Order within the Abbasids;;;;;;;;;;;;;x
;;;;;;;;;;;;;;
finalize_abbasid_crisis;Conclude Abbasid Crisis;;;;;;;;;;;;;x
finalize_abbasid_crisis_desc;It is finally time to put an end to all of our problems and declare that our realm has been stabalized;;;;;;;;;;;;;x
;;;;;;;;;;;;;;
end_umayyad_crisis_1;Resolve the Umayyadian Administration;;;;;;;;;;;;;x
end_umayyad_crisis_2;Expel Corrupt Umayyad Officials;;;;;;;;;;;;;x
end_umayyad_crisis_3;Reorganize the Umayyad Levies;;;;;;;;;;;;;x
;;;;;;;;;;;;;;
end_umayyad_crisis_1_desc;After many attemps, we have finally found a sollution to the Administrative problems within the Umayyads. Now is the time to finalize our sollution;;;;;;;;;;;;;x
end_umayyad_crisis_2_desc;These Officials have been the core of the Corruption within the Umayyads. Now that everything is under our control proper, it is time to expell these officials and impelent a new sytstem within our court, so that we will never have this problem again;;;;;;;;;;;;;x
end_umayyad_crisis_3_desc;It took a while but we have finally restructered the army and brought order and hope to our men. No longer are they plauged by the humuliation in Francia. It is finally time to Restore Order within the Umayyads;;;;;;;;;;;;;x
;;;;;;;;;;;;;;
finalize_umayyad_crisis;Conclude Umayyadian Crisis;;;;;;;;;;;;;x
finalize_umayyad_crisis_desc;It is finally time to put an end to all of our problems and declare that our realm has been stabalized;;;;;;;;;;;;;x
;;;;;;;;;;;;;;
end_hre_crisis_1;Resolve Imperial Administration;;;;;;;;;;;;;x
end_hre_crisis_2;Restore Imperial Diplomacy;;;;;;;;;;;;;x
end_hre_crisis_3;Reform the Imperial Army;;;;;;;;;;;;;x
end_hre_crisis_4;Appease the Imperial Clergy;;;;;;;;;;;;;x
;;;;;;;;;;;;;;
end_hre_crisis_1_desc;It is finally the time to resolve the issue of the Administration of our vast Empire and let our subjects know who rules these lands;;;;;;;;;;;;;x
end_hre_crisis_2_desc;Despite our size, we have to set our place in Europe. It is time to restore the trust of Europe with our presence;;;;;;;;;;;;;x
end_hre_crisis_3_desc;After many attempts, it is finaly time to finish the disaray with our army and restore order within the Holy Roman Empire;;;;;;;;;;;;;x
end_hre_crisis_4_desc;Not only the nobility was against us but also the Clergy within these lands. However it is now time to satisfy the Clergy and let them know what we are Louis the Pious's Successor;;;;;;;;;;;;;x
;;;;;;;;;;;;;;
finalize_hre_crisis;Finalize the Imperial Crisis;;;;;;;;;;;;;x
finalize_hre_crisis_desc;It took alot of time and effort, but it is worth it at the end. We have finally stabalized the Holy Roman Empire and regained control over our vassals and our army. It is now time to finalize this crisis at once!;;;;;;;;;;;;;x
;;;;;;;;;;;;;;
reform_russian_admin;Adopt Russian Bureaucracy;;;;;;;;;;;;;x
reform_russian_admin_desc;Ruling over so many cultures and religions sure is a big task, however we can make administrating the Empire easier by reforming our bureaucracy;;;;;;;;;;;;;x
russian_ambition;Enact Russia's Destiny;;;;;;;;;;;;;x
russian_ambition_desc;As we have stabilized and strengthened the Empire, perhaps it is time to expand eastwards untill the end of the world and beyond!;;;;;;;;;;;;;x
;;;;;;;;;;;;;;
;;;;;;;;;;;;;;
ar_republic_boon;Grant Republican Boon;;;;;;;;;;;x;;
ar_republic_boon_desc;Expand the infrastructure of this province by giving them extra fundings and boons which is able thanks to the Republic Administration;;;;;;;;;;;x;;
;;;;;;;;;;;;;;
ar_theocracy_convert;Convert Heretic County;;;;;;;;;;;x;;
ar_theocracy_convert_desc;Convert this Province which does not follow the true faith;;;;;;;;;;;x;;
;;;;;;;;;;;;;;
ar_theocracy_bless;Grant Theocratic Blessing;;;;;;;;;;;x;;
ar_theocracy_bless_desc;Bless and teach this character to be a better person;;;;;;;;;;;x;;
;;;;;;;;;;;;;;
become_feudal;Reorganize into Feudalism;;;;;;;;;;;x;;
become_feudal_desc;The time of Theocracies and Republics are over for our nation, it is time to convert our administration to Feudalism;;;;;;;;;;;x;;
;;;;;;;;;;;;;;
chinese_commander_trait_pick;Choose a Chinese Commander Trait;;;;;;;;;;x;;;
chinese_commander_trait_pick_desc;Since we like to follow spiritual traditions, we will have to pick our way to an animal;;;;;;;;;;x;;;
;;;;;;;;;;;;;;
choose_orthodox_icon;Pick Orthodox Icon;;;;;;;;;;;;;x
choose_orthodox_icon_desc;Pick the icon you want to have with you during your lifetime in this world;;;;;;;;;;;;;x
;;;;;;;;;;;;;;
dismantle_hre_north_sea;Dismantle the Holy Roman Empire;;;;;;;;;;;;;x
dismantle_hre_north_sea_desc;It is time to make an end for the Holy Roman Dominance on Europe. We have to take this title away from them by destroying the Holy Roman Empire. This way we will be the one and only dominant force in Europe and nothing will then stop us!;;;;;;;;;;;;;x
;;;;;;;;;;;;;;
upgrade_holding;Establish a new Holding;;;;;;;;;;;;;x
upgrade_holding_desc;Since we are prosperous enough and have the coinage, we are able to expand our holding with one building slot!;;;;;;;;;;;;;x
;;;;;;;;;;;;;;
form_kingdom_god;Reform into the Empire of God;;;;;;;;;;;x;;
form_kingdom_god_desc;At last we have solidified our possition into Italy. Now that that Italy belongs to the Holy See, we shall finally declare ourself title holder and Key to the Empire of God. The world must know of this!;;;;;;;;;;;x;;
;;;;;;;;;;;;;;
appoint_cardinal;Appoint Papal Cardinal;;;;;;;;;;;x;;
appoint_cardinal_desc;Appoint a Cardinal for the Papacy;;;;;;;;;;;x;;
;;;;;;;;;;;;;;
appoint_cardinal_outside;Appoint Papal Cardinal;;;;;;;;;;;x;;
appoint_cardinal_outside_desc;Appoint a Cardinal for the Papacy;;;;;;;;;;;x;;
;;;;;;;;;;;;;;
end_orthodox_schism;Unite the Christian Churches;;;;;;;;;;;x;;
end_orthodox_schism_desc;Now that you have gained control over our holy cities again, it is time to end the schism between the Orthodox Church and the Roman Church that has seperated us for far too long.;;;;;;;;;;;x;;
;;;;;;;;;;;;;;
pope_blessing;Ask for Papal Blessing;;;;;;;;;;;x;;
pope_blessing_desc;Request a Papal Blessing from the Pope;;;;;;;;;;;x;;
;;;;;;;;;;;;;;
pope_ask_investure;Request Papal Investiture;;;;;;;;;;;x;;
pope_ask_investure_desc;As the Pope, you can ask rulers to change their law to Papal Investiture;;;;;;;;;;;x;;
;;;;;;;;;;;;;;
form_celtic_empire;Unite the Celtic Kingdoms;;;;;;;;;;;;;x
form_celtic_empire_desc;For many generations, our people have been oppressed and have been bannished from Europe by the Roman Empire but no longer will we stand for this. After the pathetic Roman Empire fell, we finally have a chance to reunite our people and proclaim the Celtic Empire!;;;;;;;;;;;;;x
;;;;;;;;;;;;;;
celtic_renaissance;Unite the Celtic Cultures;;;;;;;;;;;;;x
celtic_renaissance_desc;Now that Celitc Empire has been formed, we also have to truly unite our Celtic brothers back to our old roots, the ancient Celtic culture.;;;;;;;;;;;;;x
;;;;;;;;;;;;;;
embrace_new_celtic_culture;Embrace the Ancient Celtic Culture;;;;;;;;;;;;;x
embrace_new_celtic_culture_desc;A glorious time to be alive with our fellow Celtic brothers, however it is time to go back to our old roots and embrace the culture that has been followed by our ancestors.;;;;;;;;;;;;;x
;;;;;;;;;;;;;;
celtic_ultimatum_pope;Send Celtic Ultimatum to the Papacy;;;;;;;;;;;;;x
celtic_ultimatum_pope_desc;After our Reconquest of Gaul we finally arived at the land of the Holy See. It is time to make the Papacy pay for igoring the Celtics for many decades, we shall send an Diplomat towards Rome to issue our Ultimatum.;;;;;;;;;;;;;x
conflict_celtic_pope;We will send an diplomat towards the §YPapacy§! to issue our demands towards the Pope;;;;;;;;;;;;;x
;;;;;;;;;;;;;;
form_north_sea_empire;Establish the North Sea Empire;;;;;;;;;;;;;x
form_north_sea_empire_desc;It is finally time to unite our people with the people of England and proclaim the North Sea Empire;;;;;;;;;;;;;x
form_varingian_empire;Establish the Varingian Empire;;;;;;;;;;;;;x
form_varingian_empire_desc;Finally, we have reconnected with our ancestors that migrated to the Russian land. Now we will form the Varingian in honor of our grandfathers in Russia;;;;;;;;;;;;;x
;;;;;;;;;;;;;;
invade_france_north_sea;Prepare the Invasion on France;;;;;;;;;;;;;x
invade_france_north_sea_desc;The French always were a rival to us and always needed to be dealt with. Now that we have grown strong and might with the North Sea Empire. Perhaps it is time to take a vist to Paris and burn the French Kingom to the ground!;;;;;;;;;;;;;x
varingian_invasion_byz;Prepare the Invasion to destroy Byzantium;;;;;;;;;;;;;x
varingian_invasion_byz_desc;Many of us are currently serving the Byzantines, however this should and will not be tollerated anymore. It is time to take revenge on the Byzantines for this humulliation and for the mistake that our ancesors have brought. We shall burn the Empire of the Romans to the ground and destory all of its glory!;;;;;;;;;;;;;x
;;;;;;;;;;;;;;
create_norse_colony;Establish a Nordic Colony;;;;;;;;;;;;;x
create_norse_colony_desc;It seems that the land we just conquered are in need of more direct Administration, perhaps if we establish a Nordic Colony here by assigning a vassal to this land and releasing it out of our domain, that the land here will be built up and repaired faster.;;;;;;;;;;;;;x
annex_norse_colony;Integrate the Nordic Colony;;;;;;;;;;;;;x
annex_norse_colony_desc;It seems that the Colony has been setting up the land here properly gettin rid of any Administrative issues, perhaps it is time to reintegrate our colony back to our empire for more direct control;;;;;;;;;;;;;x
;;;;;;;;;;;;;;
;;;;;;;;;;;;;;
form_dutch_republic;Unite the Lowlands;;;;;;;;;;x;;;
form_dutch_republic_desc;The time for Dutch Independence and has come at last. Unite the lowlands and ask the people who they want as ruler!;;;;;;;;;;x;;;
;;;;;;;;;;;;;;
dutch_improve_province;Implement Dutch Infrastructure;;;;;;;;;;x;;;
dutch_province_improvement;Expanded Dutch Infrastructure;;;;;;;;;;x;;;
dutch_province_improvement_desc;The Dutch always are looking to improve and expand their land. The biggest reason being to make the swamplands of the Dutch more expandable. Since the Dutch have a small portion of land, they also used their building strategies to improve and expand upon the limited land they have.;;;;;;;;;;x;;;
dutch_improve_province_desc;The Dutch always are looking to improve and expand their land. The biggest reason being to make the swamplands of the Dutch more expandable. Since the Dutch have a small portion of land, they also used their building strategies to improve and expand upon the limited land they have.;;;;;;;;;;x;;;
;;;;;;;;;;;;;;
unite_england;Restore Order in England;;;;;;;;;;;x;;
unite_england_desc;After much effort and enduring invaders and raiders alike. We have finally restored order in England and united its people. Now is the time to declare this Unification over all of Europe;;;;;;;;;;;x;;
;;;;;;;;;;;;;;
form_latin_empire;Establish the Latin Empire;;;;;;;;;;;x;;
form_latin_empire_desc;If the old Byzantine Heartland is under my control, I can effectively destroy these pretenders and crown myself ruler of the Latin Empire with the blessing of the Pope!;;;;;;;;;;;x;;
;;;;;;;;;;;;;;
ar_form_the_hre;Establish the Holy Roman Empire;;;;;;;;;;;x;;
ar_form_the_hre_desc;At last, we now have conquered the Kingdom of Italy after we have unified the Germans under the Kingdom of Germany. However, we are ruiling over too many people now, it is time to declare something that has been failed in the past. We shall now proclaim the Holy Roman Empire. We are the Successors of the Roman Empire!;;;;;;;;;;;x;;
;;;;;;;;;;;;;;
unite_germany;Unify Germania;;;;;;;;;;;x;;
unite_germany_desc;It took us a big while, but at last. We have united the German people trough Blood and Iron. Now it is time to declare it trough out the whole of Europe;;;;;;;;;;;x;;
;;;;;;;;;;;;;;
ar_scorched_earth;Scorched Earth;;;;;;;;;;x;;;
ar_scorched_earth_desc;This Province has been razed to the ground by the ruler of these lands. This seems to be a desperate last measure that the ruler took;;;;;;;;;;x;;;
;;;;;;;;;;;;;;
reinforce_province;Reinforce this Province;;;;;;;;;x;;;;
reinforce_province_desc;You can force your people living in this province to fight for you in which the province will suffer from.§RWARNING: Using this button gives your province negative modifiers for some time. Use it at your own risk as a last resort§!;;;;;;;;;x;;;;
;;;;;;;;;;;;;;
form_pirate_republic;Hoist the Black Flag;;;;;;;;;;;;;x
form_pirate_republic;I have had it with Feudal Governance. Perhaps it is time to be more adventurous and start a Pirate Republic.;;;;;;;;;;;;;x
;;;;;;;;;;;;;;
pirate_boon;Establish Pirate Port;;;;;;;;;;;;;x
pirate_boon_desc;In order to mark this land ours, it is perhaps smart to establish our Pirate Port here;;;;;;;;;;;;;x
;;;;;;;;;;;;;;
recruit_pirate_commander;Hire Experienced Pirate;;;;;;;;;;;;;x
mobilize_pirates;Mobilze Pirates;;;;;;;;;;;;;x
;;;;;;;;;;;;;;
prestige_to_gold;Convert Prestige to Gold;;;;;;;;;;;;;x
prestige_to_gold_desc;As a pirate, should convert our useless prestige to gold;;;;;;;;;;;;;x
piety_to_gold;Convert Piety to Gold;;;;;;;;;;;;;x
piety_to_gold_desc;As a pirate, should convert our useless piety to gold;;;;;;;;;;;;;x
cooldown_pp_gold;Recently converted gold;;;;;;;;;;;;;x
;;;;;;;;;;;;;;
pirate_sell_slavery;Sell Prisoner to Slavery;;;;;;;;;;;;;x
pirate_sell_slavery_desc;This Prisoner has been with us for a while and we cant do something with them. Perhaps if we sell them to slavery that we can at least get something in return;;;;;;;;;;;;;x
cooldown_sell_slavery;Recently sold Slaves;;;;;;;;;;;;;x
;;;;;;;;;;;;;;
pirate_ask_join_war;Ask Pirates to join Wars;;;;;;;;;;;;;x
pirate_ask_join_war_desc;Pirates are not only raiders and plunderers, they can also be hired as Mercenaries. Perhaps it is smart to bribe them into our current conflicts;;;;;;;;;;;;;x
;;;;;;;;;;;;;;
get_pirate_commander;Train to become Pirate Commander;;;;;;;;;;;;;x
get_pirate_commander_desc;Now that you are a pirate, it is perhaps smart to learn the ways of the pirates by becoming a Pirate Commander;;;;;;;;;;;;;x
;;;;;;;;;;;;;;
convert_to_warrior_order;Convert to Military Order;;;;;;;;;;;;;x
convert_to_warrior_order_desc;As a Military Order, we have to establish more bases of operation within these teritories, hence why we could turn this vassal into a Military Order too. This could be handy so that we can call them into our wars directly and assert more control over the area.;;;;;;;;;;;;;x
;;;;;;;;;;;;;;
convert_to_pirate_vassal;Convert to Pirate Republic;;;;;;;;;;;;;x
convert_to_pirate_vassal_desc;In order for our Piracy influence to expand, we could turn this vassal into a Pirate Republic too. This could be handy so that we can call them into our wars directly;;;;;;;;;;;;;x
;;;;;;;;;;;;;;
recently_made_pirate;Established a Pirate Republic;;;;;;;;;;;;;x
recently_made_warrior_order;Established a Order;;;;;;;;;;;;;x
;;;;;;;;;;;;;;
nerf_constantinople;City of the World's Desire;;;;;;;;;;;x;;
nerf_constantinople_desc;Constantinople is truly the beauty of the world, the new capital of the Eastern Roman Empire. Yet, with a desire comes a cost. Hence why the city is struggling with problems like overpopulation, maintenence problems, taxation inefficiency and the population not wanting to get recruited into the army since they wouldnt want to sacrafice their life and miss the experience of living in this beautifull city;;;;;;;;;;;x;;
;;;;;;;;;;;;;;
convert_piety_prestige;Convert Piety to Prestige;;;;;;;;;;;x;;
convert_piety_prestige_desc;If you need some Prestige, you can trade in some of your Piety to get extra Prestige;;;;;;;;;;;x;;
;;;;;;;;;;;;;;
convert_prestige_piety;Convert Prestige to Piety;;;;;;;;;;;x;;
convert_prestige_piety_desc;If you need some Piety, you can trade in some of your Prestige to get extra Piety;;;;;;;;;;;x;;
;;;;;;;;;;;;;;
create_cadet_branch;Create Cadet Branch;;;;;;;;;;;x;;
create_cadet_branch_desc;Your character creates a cadet branch of your dynasty. WARNING: This makes your dynasty much smaller;;;;;;;;;;;x;;
;;;;;;;;;;;;;;
fix_open_elective;Implement Open Elections;;;;;;;;;;;x;;
fix_open_elective_desc;Implement Open Elections;;;;;;;;;;;x;;
;;;;;;;;;;;;;;
cooldown_convertion_pp;Prestige/Piety Conversion Cooldown;;;;;;;;;;;x;;
cooldown_convertion_pp_desc;Becoming a Pious or a Prestigious person can be hard to achieve. This left you stressed and you figure to take a small break;;;;;;;;;;;x;;
cooldown_library;Study Burnout;;;;;;;;;;;x;;
cooldown_library_desc;This character has currently studied too hard in the Library;;;;;;;;;;;x;;
no_north_korea;You must not be over your Demesne Size;;;;;;;;;;;x;;
;;;;;;;;;;;;;;
study_character;Visit Library;;;;;;;;;;;x;;
study_character_desc;Since we are in need of some Technological Advancements, maybe it is not a bad idea to study some books to find the answers;;;;;;;;;;;x;;
;;;;;;;;;;;;;;
unrival_person;Unrival Character;;;;;;;;;;;x;;
unrival_person_desc;Enough is enough, it is time to talk this out and put an end to this pointless Rivalry..;;;;;;;;;;;x;;
;;;;;;;;;;;;;;
cooldown_unrival;Irritation from Unrivaling;;;;;;;;;;;x;;
cooldown_unrival;Talking it out with someone can be annoying sometimes as perhaps it was their fault, you suck it up anyhow yet it leaves you irritated;;;;;;;;;;;x;;
;;;;;;;;;;;;;;
UNRIVALDESC.1;What a suprise, [From.GetTitledFirstName] has arrived in my throne room with his envoy to talk about if perhaps we can rest our rivalry and let go our reasons of this rivalry as well as your issues with your other rivals.;;;;;;;;;;;x;;
UNRIVALOPT1;Perhaps, i just need to forgive and forget...;;;;;;;;;;;x;;
UNRIVALOPT2;I cannot forgive you all!;;;;;;;;;;;x;;
;;;;;;;;;;;;;;
UNRIVALDESC.2;As we have visited our old friend to stop our rivalry, we unfortunatly got rejected as his hate is still too strong to let go yet;;;;;;;;;;;x;;
UNRIVALOPT3;Unfortunate..;;;;;;;;;;;x;;
;;;;;;;;;;;;;;
opinion_improve_ar;Grealy Improved Opinion;;;;;;;;;;;x;;
;;;;;;;;;;;;;;
improve_opinion;Greatly Improve Opinion;;;;;;;;;;;x;;
improve_opinion_desc;Our Diplomats are taking way too long to improve their opinion of ours, maybe its best to do it ourselfs..;;;;;;;;;;;x;;
;;;;;;;;;;;;;;
cooldown_improve_opinion;Social Exhaustion;;;;;;;;;;;x;;
cooldown_improve_opinion_desc;Talking with someone for a while can be exhausting and left u tired when you came back from your visit;;;;;;;;;;;x;;
;;;;;;;;;;;;;;
lower_threat;Lower Threat;;;;;;;;;;;x;;
lower_threat_desc;It seems that our bordering realms are intimidated by our rapid expansion, we need to perhaps increase our Diplomatic efforts by keeping them calm and having them on our side;;;;;;;;;;;x;;
;;;;;;;;;;;;;;
lowered_threat;Lowering Threat;;;;;;;;;;;x;;
lowered_threat_desc;This Character is currently increasing their Diplomacy to lower their threat that is being seen by many bordering realms;;;;;;;;;;;x;;
;;;;;;;;;;;;;;
invite_character;Invite Characters;;;;;;;;;;;x;;
invite_character_desc;We are in need of new courtiers.Perhaps we can invite a selection of recruitable characters. From Nobleman to Scholars to even Marshals.;;;;;;;;;;;x;;
;;;;;;;;;;;;;;
invite_good_character;Invite Great Characters;;;;;;;;;;;x;;
invite_good_character_desc;We are in need of new courtiers and not just any, we need the very best. Perhaps we can invite a selection of recruitable characters. From Nobleman to Scholars to even Marshals.;;;;;;;;;;;x;;
;;;;;;;;;;;;;;
invite_great_diplomat;Invite Great Diplomat;;;;;;;;;;;x;;
invite_great_diplomat_desc;Promote a great soldier from the officer ranks of your army to lead the troops on the battlefield.;;;;;;;;;;;x;;
;;;;;;;;;;;;;;
invite_great_spy;Invite Great Commander;;;;;;;;;;;x;;
invite_great_spy_desc;Promote a great soldier from the officer ranks of your army to lead the troops on the battlefield.;;;;;;;;;;;x;;
;;;;;;;;;;;;;;
employ_great_soldier;Invite Great Commander;;;;;;;;;;;x;;
employ_great_soldier_desc;Promote a great soldier from the officer ranks of your army to lead the troops on the battlefield.;;;;;;;;;;;x;;
;;;;;;;;;;;;;;
employ_great_priest;Invite Exalted Holy Man;;;;;;;;;;;x;;
employ_great_priest_desc;Scour the land for a holy woman to join my court and advise me on religious matters.;;;;;;;;;;;x;;
;;;;;;;;;;;;;;
employ_great_priestess;Invite Exalted Holy Woman;;;;;;;;;;;x;;
employ_great_priestess_desc;Scour the land for a holy woman to join my court and advise me on religious matters.;;;;;;;;;;;x;;
;;;;;;;;;;;;;;
employ_great_steward;Invite Great Noble to Court;;;;;;;;;;;x;;
employ_great_steward_desc;Invite a briliant nobleman to court, to aid with matters of administration.;;;;;;;;;;;x;;
;;;;;;;;;;;;;;
employ_great_stewardess;Invite Great Noble Woman to Court;;;;;;;;;;;x;;
employ_great_stewardess_desc;Invite a briliant noblewoman to court, to aid with matters of administration.;;;;;;;;;;;x;;
;;;;;;;;;;;;;;
present_great_debutante;Present Beautifull Débutante;;;;;;;;;;;x;;
present_great_debutante_desc;A young beautifull noblewoman who has caught not only your eye, but the eyes of many which makes her début at a formal ball.;;;;;;;;;;;x;;
;;;;;;;;;;;;;;
cancel_invite_good_character;Cancel Inviting Great Character;;;;;;;;;;;x;;
cancel_invite_good_character_desc;Perhaps, it is too early to recruit a new character just yet..;;;;;;;;;;;x;;
;;;;;;;;;;;;;;
cancel_invite_character;Cancel Inviting Character;;;;;;;;;;;x;;
cancel_invite_character_desc;Perhaps, it is too early to recruit a new character just yet..;;;;;;;;;;;x;;
;;;;;;;;;;;;;;
develop_tech_capital;Demobilize Realm;;;;;;;;;;;x;;
develop_tech_capital_desc;We are in need of new inventions and in general for our people to be smarter, this is why we can choose to ignore our military and financial effort to pursuit techonogly;;;;;;;;;;;x;;
;;;;;;;;;;;;;;
cancel_develop_tech_capital;Remobilize Realm;;;;;;;;;;;x;;
cancel_develop_tech_capital_desc;Danger is looming again, its best to mobilize our realm again and prepare our army for the worst;;;;;;;;;;;x;;
;;;;;;;;;;;;;;
demobilized_realm;Demobilized Realm;;;;;;;;;;;x;;
tech_efforts;Technological Efforts;;;;;;;;;;;x;;
remobilizing_realm;Remobilizing Realm;;;;;;;;;;;x;;
;;;;;;;;;;;;;;
convert_to_tribal_vassal;Help Tribe Feudalize;;;;;;;;;;;x;;
convert_to_tribal_vassal_desc;Tribes can be stuck to their traditions and not develop whatsoever, perhaps as ruler, you could lend them a hand by Feudalizing the lands of the Tribe for the Chief for a small cost.;;;;;;;;;;;x;;
;;;;;;;;;;;;;;
recently_made_tribal;Recently Feudalized a Tribe;;;;;;;;;;;x;;
recently_made_tribal_desc;Feudalizing a Tribe can be exhausting and costly, you figure to take a break from it.;;;;;;;;;;;x;;
;;;;;;;;;;;;;;
end_travel;Cancel your Travel;;;;;;;;;;;x;;
end_travel_desc;You have come to the realisation that you are lost and dont know where you are, and decided to turn back home;;;;;;;;;;;x;;
end_kowtow;Cancel your Kowtow;;;;;;;;;;;x;;
end_kowtow_desc;Traveling to the Imperial Palace of China can be difficult as it seems that you are lost while traveling, perhaps its smart to return home and instead sent an experienced envoy to China;;;;;;;;;;;x;;
